{"stats":{"minecraft:killed":{"minecraft:sheep":6,"minecraft:cow":1},"minecraft:used":{"minecraft:wooden_axe":19,"minecraft:crafting_table":1,"minecraft:oak_sapling":1},"minecraft:mined":{"minecraft:grass":2,"minecraft:oak_log":12,"minecraft:crafting_table":1},"minecraft:crafted":{"minecraft:oak_planks":48,"minecraft:crafting_table":1,"minecraft:stick":4,"minecraft:wooden_axe":1},"minecraft:picked_up":{"minecraft:crafting_table":1,"minecraft:leather":2,"minecraft:wheat_seeds":1,"minecraft:beef":3,"minecraft:oak_log":12,"minecraft:oak_sapling":1,"minecraft:mutton":8,"minecraft:white_wool":6},"minecraft:custom":{"minecraft:open_chest":1,"minecraft:time_since_rest":4311,"minecraft:play_one_minute":8224,"minecraft:sprint_one_cm":18028,"minecraft:damage_taken":40,"minecraft:walk_one_cm":28833,"minecraft:sneak_time":4,"minecraft:mob_kills":7,"minecraft:jump":160,"minecraft:damage_dealt":750,"minecraft:leave_game":1,"minecraft:time_since_death":8224,"minecraft:sleep_in_bed":1,"minecraft:interact_with_crafting_table":1,"minecraft:fall_one_cm":3158,"minecraft:fly_one_cm":36696}},"DataVersion":2586}