{"stats":{"minecraft:crafted":{"minecraft:oak_planks":48,"minecraft:crafting_table":1,"minecraft:stick":4,"minecraft:wooden_axe":1},"minecraft:broken":{"minecraft:wooden_axe":1},"minecraft:mined":{"minecraft:crafting_table":1,"minecraft:grass":9,"minecraft:grass_block":1,"minecraft:oak_log":12},"minecraft:picked_up":{"minecraft:wooden_axe":2,"minecraft:stick":2,"minecraft:crafting_table":3,"minecraft:leather":6,"minecraft:porkchop":9,"minecraft:oak_log":12,"minecraft:dirt":1,"minecraft:apple":2,"minecraft:wheat_seeds":8,"minecraft:beef":9,"minecraft:bread":4,"minecraft:oak_sapling":1,"minecraft:mutton":11,"minecraft:oak_planks":61,"minecraft:white_wool":8},"minecraft:killed":{"minecraft:sheep":6,"minecraft:pig":4,"minecraft:cow":3},"minecraft:killed_by":{"minecraft:player":1},"minecraft:used":{"minecraft:wooden_axe":43,"minecraft:bread":1,"minecraft:oak_planks":14,"minecraft:dirt":1,"minecraft:crafting_table":1,"minecraft:oak_sapling":1,"minecraft:porkchop":8},"minecraft:custom":{"minecraft:time_since_rest":1152,"minecraft:sprint_one_cm":66537,"minecraft:damage_taken":487,"minecraft:walk_one_cm":42961,"minecraft:mob_kills":13,"minecraft:damage_dealt":1919,"minecraft:fly_one_cm":139649,"minecraft:interact_with_crafting_table":1,"minecraft:player_kills":3,"minecraft:open_chest":2,"minecraft:play_one_minute":15272,"minecraft:crouch_one_cm":20,"minecraft:deaths":1,"minecraft:sneak_time":10,"minecraft:jump":532,"minecraft:leave_game":2,"minecraft:time_since_death":1128,"minecraft:walk_on_water_one_cm":2319,"minecraft:sleep_in_bed":1,"minecraft:fall_one_cm":13923}},"DataVersion":2586}