{"stats":{"minecraft:crafted":{"minecraft:oak_planks":40,"minecraft:furnace":2,"minecraft:cooked_mutton":3,"minecraft:diamond_block":12,"minecraft:diamond_helmet":1,"minecraft:iron_boots":1,"minecraft:diamond_leggings":1,"minecraft:iron_axe":1,"minecraft:diamond_boots":1,"minecraft:cooked_beef":8,"minecraft:diamond_axe":1,"minecraft:crafting_table":6,"minecraft:spruce_planks":12,"minecraft:wooden_pickaxe":2,"minecraft:iron_helmet":1,"minecraft:birch_planks":52,"minecraft:stone_axe":2,"minecraft:air":0,"minecraft:iron_chestplate":1,"minecraft:diamond_pickaxe":1,"minecraft:shield":2,"minecraft:stick":32,"minecraft:iron_pickaxe":1,"minecraft:iron_ingot":22,"minecraft:wooden_axe":2,"minecraft:white_bed":2,"minecraft:diamond_chestplate":1},"minecraft:dropped":{"minecraft:iron_ingot":7,"minecraft:birch_planks":32,"minecraft:wheat_seeds":5,"minecraft:cooked_beef":65,"minecraft:diamond":4,"minecraft:iron_helmet":1,"minecraft:apple":1,"minecraft:stick":12,"minecraft:ink_sac":1,"minecraft:wooden_axe":1,"minecraft:iron_pickaxe":2,"minecraft:string":1,"minecraft:bone":3,"minecraft:stone_axe":1,"minecraft:diamond_block":16,"minecraft:birch_sapling":1,"minecraft:rotten_flesh":9,"minecraft:iron_boots":1,"minecraft:white_bed":1,"minecraft:diamond_ore":688,"minecraft:diamond_sword":1,"minecraft:poppy":5,"minecraft:shield":1,"minecraft:trident":1,"minecraft:iron_chestplate":1,"minecraft:spider_eye":3,"minecraft:wooden_pickaxe":1},"minecraft:mined":{"minecraft:diamond_ore":88,"minecraft:white_bed":1,"minecraft:grass_block":1,"minecraft:spruce_leaves":2,"minecraft:oxeye_daisy":1,"minecraft:iron_ore":38,"minecraft:fire":2,"minecraft:diamond_block":3,"minecraft:stone":61,"minecraft:dandelion":1,"minecraft:crafting_table":1,"minecraft:poppy":1,"minecraft:rose_bush":2,"minecraft:tall_grass":5,"minecraft:cobblestone":6,"minecraft:diorite":2,"minecraft:birch_planks":14,"minecraft:birch_log":13,"minecraft:spruce_log":3,"minecraft:birch_leaves":12,"minecraft:grass":19,"minecraft:oak_log":14,"minecraft:coal_ore":41,"minecraft:oak_leaves":2},"minecraft:picked_up":{"minecraft:wooden_axe":9,"minecraft:crafting_table":11,"minecraft:diamond_sword":1,"minecraft:wooden_pickaxe":1,"minecraft:shield":2,"minecraft:string":1,"minecraft:iron_axe":2,"minecraft:diamond_leggings":2,"minecraft:beef":22,"minecraft:rose_bush":1,"minecraft:poppy":13,"minecraft:iron_pickaxe":1,"minecraft:birch_sapling":1,"minecraft:furnace":1,"minecraft:diamond_ore":1161,"minecraft:stick":20,"minecraft:torch":5,"minecraft:porkchop":4,"minecraft:diorite":2,"minecraft:trident":1,"minecraft:arrow":27,"minecraft:rotten_flesh":9,"minecraft:diamond_chestplate":2,"minecraft:diamond_boots":2,"minecraft:mutton":19,"minecraft:white_wool":19,"minecraft:cobblestone":99,"minecraft:birch_log":13,"minecraft:cooked_beef":162,"minecraft:lilac":1,"minecraft:andesite":1,"minecraft:leather":20,"minecraft:birch_planks":28,"minecraft:oak_log":10,"minecraft:gunpowder":12,"minecraft:bone":6,"minecraft:apple":7,"minecraft:bow":1,"minecraft:wheat_seeds":19,"minecraft:iron_ore":39,"minecraft:iron_ingot":10,"minecraft:diamond_helmet":2,"minecraft:oak_planks":16,"minecraft:dandelion":6,"minecraft:ink_sac":1,"minecraft:white_bed":1,"minecraft:spruce_log":3,"minecraft:diamond_block":10,"minecraft:spider_eye":3,"minecraft:diamond":142,"minecraft:stone_axe":1,"minecraft:iron_helmet":2,"minecraft:diamond_axe":2,"minecraft:coal":73,"minecraft:diamond_pickaxe":2},"minecraft:killed":{"minecraft:spider":5,"minecraft:horse":1,"minecraft:skeleton":4,"minecraft:chicken":1,"minecraft:wolf":1,"minecraft:iron_golem":1,"minecraft:ender_dragon":1,"minecraft:creeper":4,"minecraft:zombie":21,"minecraft:wither_skeleton":2,"minecraft:villager":1},"minecraft:killed_by":{"minecraft:player":9,"minecraft:spider":1,"minecraft:ender_dragon":1},"minecraft:used":{"minecraft:trident":2,"minecraft:rose_bush":1,"minecraft:poppy":5,"minecraft:shield":15,"minecraft:torch":5,"minecraft:wooden_axe":14,"minecraft:iron_axe":67,"minecraft:bow":148,"minecraft:furnace":3,"minecraft:cooked_beef":32,"minecraft:cooked_mutton":3,"minecraft:diorite":2,"minecraft:birch_planks":14,"minecraft:wooden_pickaxe":21,"minecraft:diamond_axe":94,"minecraft:diamond_block":1,"minecraft:crafting_table":11,"minecraft:crossbow":12,"minecraft:white_bed":2,"minecraft:diamond_pickaxe":109,"minecraft:apple":6,"minecraft:bread":2,"minecraft:iron_pickaxe":121,"minecraft:diamond_ore":473,"minecraft:stone_axe":33,"minecraft:cobblestone":39,"minecraft:andesite":1},"minecraft:custom":{"minecraft:mob_kills":46,"minecraft:interact_with_crafting_table":35,"minecraft:bell_ring":13,"minecraft:time_since_death":3548,"minecraft:sprint_one_cm":407336,"minecraft:walk_one_cm":320742,"minecraft:damage_blocked_by_shield":300,"minecraft:drop":87,"minecraft:deaths":12,"minecraft:sneak_time":6313,"minecraft:walk_under_water_one_cm":1624,"minecraft:jump":1822,"minecraft:walk_on_water_one_cm":39755,"minecraft:interact_with_furnace":33,"minecraft:play_one_minute":122258,"minecraft:sleep_in_bed":1,"minecraft:time_since_rest":3578,"minecraft:damage_taken":6602,"minecraft:damage_dealt":6877,"minecraft:swim_one_cm":4474,"minecraft:fly_one_cm":607075,"minecraft:player_kills":12,"minecraft:open_chest":3,"minecraft:crouch_one_cm":18673,"minecraft:fall_one_cm":41702}},"DataVersion":2586}