{"stats":{"minecraft:crafted":{"minecraft:oak_planks":40,"minecraft:crafting_table":4,"minecraft:spruce_planks":12,"minecraft:stick":16,"minecraft:wooden_pickaxe":2,"minecraft:wooden_axe":2,"minecraft:stone_axe":2},"minecraft:dropped":{"minecraft:apple":1},"minecraft:mined":{"minecraft:spruce_log":3,"minecraft:birch_leaves":1,"minecraft:grass":14,"minecraft:oak_log":10,"minecraft:tall_grass":4,"minecraft:cobblestone":3,"minecraft:spruce_leaves":2,"minecraft:stone":8,"minecraft:oak_leaves":2},"minecraft:picked_up":{"minecraft:wooden_axe":6,"minecraft:stick":6,"minecraft:crafting_table":5,"minecraft:leather":8,"minecraft:porkchop":1,"minecraft:oak_log":10,"minecraft:spruce_log":3,"minecraft:apple":7,"minecraft:wheat_seeds":14,"minecraft:beef":13,"minecraft:poppy":3,"minecraft:mutton":14,"minecraft:oak_planks":16,"minecraft:white_wool":10,"minecraft:cobblestone":11},"minecraft:killed":{"minecraft:spider":1},"minecraft:killed_by":{"minecraft:player":7,"minecraft:spider":1},"minecraft:used":{"minecraft:wooden_axe":9,"minecraft:apple":6,"minecraft:bread":2,"minecraft:wooden_pickaxe":21,"minecraft:stone_axe":18,"minecraft:crafting_table":4},"minecraft:custom":{"minecraft:time_since_rest":406,"minecraft:sprint_one_cm":140433,"minecraft:damage_taken":2291,"minecraft:walk_one_cm":51185,"minecraft:mob_kills":1,"minecraft:drop":1,"minecraft:damage_dealt":1765,"minecraft:interact_with_crafting_table":10,"minecraft:fly_one_cm":131867,"minecraft:player_kills":6,"minecraft:open_chest":3,"minecraft:play_one_minute":20258,"minecraft:crouch_one_cm":460,"minecraft:deaths":8,"minecraft:sneak_time":126,"minecraft:jump":544,"minecraft:time_since_death":372,"minecraft:walk_on_water_one_cm":2763,"minecraft:sleep_in_bed":1,"minecraft:fall_one_cm":8971}},"DataVersion":2586}