{"stats":{"minecraft:used":{"minecraft:apple":1,"minecraft:bread":2},"minecraft:mined":{"minecraft:grass":1,"minecraft:tall_grass":1,"minecraft:oak_log":4,"minecraft:oak_leaves":2},"minecraft:picked_up":{"minecraft:oak_log":3},"minecraft:dropped":{"minecraft:apple":1},"minecraft:custom":{"minecraft:jump":78,"minecraft:open_chest":2,"minecraft:time_since_rest":2911,"minecraft:damage_dealt":40,"minecraft:play_one_minute":2911,"minecraft:sprint_one_cm":22091,"minecraft:damage_taken":285,"minecraft:time_since_death":2911,"minecraft:walk_one_cm":5160,"minecraft:sneak_time":3,"minecraft:drop":1,"minecraft:fall_one_cm":1790,"minecraft:fly_one_cm":17214}},"DataVersion":2586}