{"stats":{"minecraft:crafted":{"minecraft:cooked_beef":8,"minecraft:oak_planks":40,"minecraft:crafting_table":6,"minecraft:spruce_planks":12,"minecraft:wooden_pickaxe":2,"minecraft:iron_helmet":1,"minecraft:furnace":2,"minecraft:birch_planks":52,"minecraft:stone_axe":2,"minecraft:cooked_mutton":3,"minecraft:air":0,"minecraft:diamond_leggings":1,"minecraft:iron_chestplate":1,"minecraft:iron_boots":1,"minecraft:shield":2,"minecraft:iron_axe":1,"minecraft:stick":28,"minecraft:iron_ingot":22,"minecraft:iron_pickaxe":1,"minecraft:wooden_axe":2,"minecraft:diamond_boots":1,"minecraft:white_bed":2},"minecraft:dropped":{"minecraft:iron_ingot":6,"minecraft:stone_axe":1,"minecraft:birch_planks":32,"minecraft:wheat_seeds":1,"minecraft:cooked_beef":3,"minecraft:rotten_flesh":5,"minecraft:iron_boots":1,"minecraft:apple":1,"minecraft:diamond_ore":688,"minecraft:white_bed":1,"minecraft:stick":8,"minecraft:poppy":5,"minecraft:shield":1,"minecraft:iron_chestplate":1,"minecraft:wooden_axe":1,"minecraft:wooden_pickaxe":1,"minecraft:iron_pickaxe":2},"minecraft:mined":{"minecraft:diamond_ore":6,"minecraft:crafting_table":1,"minecraft:rose_bush":1,"minecraft:cobblestone":6,"minecraft:tall_grass":5,"minecraft:spruce_leaves":2,"minecraft:diorite":2,"minecraft:birch_planks":14,"minecraft:birch_log":13,"minecraft:iron_ore":38,"minecraft:spruce_log":3,"minecraft:birch_leaves":1,"minecraft:grass":15,"minecraft:coal_ore":24,"minecraft:oak_log":10,"minecraft:stone":56,"minecraft:oak_leaves":2},"minecraft:picked_up":{"minecraft:wooden_axe":9,"minecraft:birch_log":13,"minecraft:crafting_table":10,"minecraft:cooked_beef":128,"minecraft:andesite":1,"minecraft:leather":12,"minecraft:wooden_pickaxe":1,"minecraft:birch_planks":28,"minecraft:oak_log":10,"minecraft:gunpowder":4,"minecraft:bone":3,"minecraft:apple":7,"minecraft:wheat_seeds":15,"minecraft:beef":22,"minecraft:iron_ingot":10,"minecraft:iron_ore":39,"minecraft:rose_bush":1,"minecraft:poppy":8,"minecraft:iron_pickaxe":1,"minecraft:oak_planks":16,"minecraft:furnace":1,"minecraft:diamond_ore":1161,"minecraft:stick":14,"minecraft:torch":5,"minecraft:porkchop":2,"minecraft:diorite":2,"minecraft:spruce_log":3,"minecraft:spider_eye":2,"minecraft:arrow":5,"minecraft:rotten_flesh":5,"minecraft:diamond":14,"minecraft:stone_axe":1,"minecraft:mutton":19,"minecraft:coal":22,"minecraft:white_wool":18,"minecraft:cobblestone":72},"minecraft:killed":{"minecraft:spider":2,"minecraft:creeper":2,"minecraft:skeleton":1,"minecraft:zombie":5},"minecraft:killed_by":{"minecraft:player":7,"minecraft:spider":1},"minecraft:used":{"minecraft:cooked_mutton":3,"minecraft:diorite":2,"minecraft:birch_planks":14,"minecraft:shield":12,"minecraft:wooden_pickaxe":21,"minecraft:torch":5,"minecraft:crafting_table":10,"minecraft:wooden_axe":14,"minecraft:apple":6,"minecraft:iron_axe":54,"minecraft:bread":2,"minecraft:iron_pickaxe":121,"minecraft:diamond_ore":16,"minecraft:stone_axe":33,"minecraft:cobblestone":35,"minecraft:furnace":3,"minecraft:andesite":1,"minecraft:cooked_beef":7},"minecraft:custom":{"minecraft:interact_with_furnace":31,"minecraft:mob_kills":10,"minecraft:interact_with_crafting_table":29,"minecraft:play_one_minute":56258,"minecraft:bell_ring":13,"minecraft:time_since_death":36372,"minecraft:sleep_in_bed":1,"minecraft:time_since_rest":36406,"minecraft:sprint_one_cm":197085,"minecraft:damage_taken":3243,"minecraft:walk_one_cm":139104,"minecraft:damage_blocked_by_shield":265,"minecraft:drop":39,"minecraft:damage_dealt":4336,"minecraft:player_kills":6,"minecraft:fly_one_cm":173747,"minecraft:open_chest":3,"minecraft:crouch_one_cm":7264,"minecraft:deaths":8,"minecraft:sneak_time":3438,"minecraft:jump":847,"minecraft:walk_on_water_one_cm":4653,"minecraft:fall_one_cm":12805}},"DataVersion":2586}