{"stats":{"minecraft:crafted":{"minecraft:cooked_beef":8,"minecraft:oak_planks":40,"minecraft:crafting_table":4,"minecraft:spruce_planks":12,"minecraft:wooden_pickaxe":2,"minecraft:iron_helmet":1,"minecraft:furnace":2,"minecraft:birch_planks":52,"minecraft:stone_axe":2,"minecraft:cooked_mutton":3,"minecraft:air":0,"minecraft:iron_boots":1,"minecraft:shield":1,"minecraft:iron_axe":1,"minecraft:stick":28,"minecraft:iron_ingot":12,"minecraft:iron_pickaxe":1,"minecraft:wooden_axe":2},"minecraft:dropped":{"minecraft:iron_ingot":6,"minecraft:birch_planks":32,"minecraft:cooked_beef":3,"minecraft:rotten_flesh":4,"minecraft:apple":1,"minecraft:stick":8,"minecraft:poppy":5,"minecraft:wooden_axe":1,"minecraft:wooden_pickaxe":1,"minecraft:iron_pickaxe":1},"minecraft:mined":{"minecraft:cobblestone":3,"minecraft:tall_grass":5,"minecraft:spruce_leaves":2,"minecraft:birch_log":13,"minecraft:iron_ore":24,"minecraft:spruce_log":3,"minecraft:birch_leaves":1,"minecraft:grass":15,"minecraft:oak_log":10,"minecraft:stone":27,"minecraft:oak_leaves":2},"minecraft:picked_up":{"minecraft:wooden_axe":9,"minecraft:birch_log":13,"minecraft:crafting_table":8,"minecraft:leather":12,"minecraft:wooden_pickaxe":1,"minecraft:birch_planks":16,"minecraft:oak_log":10,"minecraft:apple":7,"minecraft:wheat_seeds":14,"minecraft:beef":22,"minecraft:iron_ingot":10,"minecraft:iron_ore":24,"minecraft:poppy":8,"minecraft:iron_pickaxe":1,"minecraft:oak_planks":16,"minecraft:stick":14,"minecraft:porkchop":2,"minecraft:spruce_log":3,"minecraft:spider_eye":2,"minecraft:rotten_flesh":4,"minecraft:stone_axe":1,"minecraft:mutton":19,"minecraft:white_wool":18,"minecraft:cobblestone":35},"minecraft:killed":{"minecraft:spider":2},"minecraft:killed_by":{"minecraft:player":7,"minecraft:spider":1},"minecraft:used":{"minecraft:birch_planks":14,"minecraft:wooden_pickaxe":21,"minecraft:crafting_table":6,"minecraft:wooden_axe":14,"minecraft:apple":6,"minecraft:bread":2,"minecraft:iron_pickaxe":43,"minecraft:stone_axe":33,"minecraft:cobblestone":4,"minecraft:furnace":2,"minecraft:cooked_beef":1},"minecraft:custom":{"minecraft:interact_with_furnace":26,"minecraft:mob_kills":2,"minecraft:interact_with_crafting_table":21,"minecraft:play_one_minute":32258,"minecraft:time_since_death":12372,"minecraft:sleep_in_bed":1,"minecraft:time_since_rest":12406,"minecraft:sprint_one_cm":158240,"minecraft:damage_taken":2491,"minecraft:walk_one_cm":74109,"minecraft:drop":20,"minecraft:damage_dealt":1957,"minecraft:player_kills":6,"minecraft:fly_one_cm":141169,"minecraft:open_chest":3,"minecraft:crouch_one_cm":709,"minecraft:deaths":8,"minecraft:sneak_time":441,"minecraft:jump":644,"minecraft:walk_on_water_one_cm":3955,"minecraft:fall_one_cm":9718}},"DataVersion":2586}