{"stats":{"minecraft:crafted":{"minecraft:cooked_beef":8,"minecraft:oak_planks":40,"minecraft:diamond_axe":1,"minecraft:crafting_table":6,"minecraft:spruce_planks":12,"minecraft:wooden_pickaxe":2,"minecraft:iron_helmet":1,"minecraft:furnace":2,"minecraft:birch_planks":52,"minecraft:stone_axe":2,"minecraft:cooked_mutton":3,"minecraft:air":0,"minecraft:diamond_block":12,"minecraft:diamond_helmet":1,"minecraft:diamond_leggings":1,"minecraft:iron_chestplate":1,"minecraft:iron_boots":1,"minecraft:diamond_pickaxe":1,"minecraft:shield":2,"minecraft:iron_axe":1,"minecraft:stick":32,"minecraft:iron_ingot":22,"minecraft:iron_pickaxe":1,"minecraft:wooden_axe":2,"minecraft:diamond_boots":1,"minecraft:white_bed":2,"minecraft:diamond_chestplate":1},"minecraft:dropped":{"minecraft:iron_ingot":7,"minecraft:stone_axe":1,"minecraft:birch_planks":32,"minecraft:wheat_seeds":4,"minecraft:diamond_block":9,"minecraft:cooked_beef":65,"minecraft:diamond":4,"minecraft:birch_sapling":1,"minecraft:rotten_flesh":9,"minecraft:iron_boots":1,"minecraft:apple":1,"minecraft:diamond_ore":688,"minecraft:white_bed":1,"minecraft:stick":12,"minecraft:diamond_sword":1,"minecraft:poppy":5,"minecraft:trident":1,"minecraft:ink_sac":1,"minecraft:shield":1,"minecraft:iron_chestplate":1,"minecraft:wooden_axe":1,"minecraft:spider_eye":3,"minecraft:wooden_pickaxe":1,"minecraft:iron_pickaxe":2,"minecraft:string":1,"minecraft:bone":3},"minecraft:mined":{"minecraft:diamond_ore":88,"minecraft:white_bed":1,"minecraft:crafting_table":1,"minecraft:grass_block":1,"minecraft:rose_bush":2,"minecraft:cobblestone":6,"minecraft:tall_grass":5,"minecraft:spruce_leaves":2,"minecraft:diorite":2,"minecraft:birch_planks":14,"minecraft:fire":2,"minecraft:birch_log":13,"minecraft:iron_ore":38,"minecraft:spruce_log":3,"minecraft:birch_leaves":12,"minecraft:diamond_block":3,"minecraft:grass":19,"minecraft:coal_ore":41,"minecraft:oak_log":14,"minecraft:stone":61,"minecraft:oak_leaves":2},"minecraft:picked_up":{"minecraft:wooden_axe":9,"minecraft:birch_log":13,"minecraft:crafting_table":11,"minecraft:lilac":1,"minecraft:cooked_beef":153,"minecraft:andesite":1,"minecraft:leather":16,"minecraft:diamond_sword":1,"minecraft:wooden_pickaxe":1,"minecraft:birch_planks":28,"minecraft:oak_log":10,"minecraft:shield":1,"minecraft:gunpowder":8,"minecraft:string":1,"minecraft:iron_axe":1,"minecraft:bone":6,"minecraft:apple":7,"minecraft:diamond_leggings":1,"minecraft:wheat_seeds":18,"minecraft:beef":22,"minecraft:iron_ingot":10,"minecraft:iron_ore":39,"minecraft:rose_bush":1,"minecraft:poppy":12,"minecraft:iron_pickaxe":1,"minecraft:diamond_helmet":1,"minecraft:birch_sapling":1,"minecraft:oak_planks":16,"minecraft:furnace":1,"minecraft:diamond_ore":1161,"minecraft:stick":18,"minecraft:dandelion":2,"minecraft:torch":5,"minecraft:porkchop":3,"minecraft:trident":1,"minecraft:ink_sac":1,"minecraft:white_bed":1,"minecraft:diorite":2,"minecraft:spruce_log":3,"minecraft:diamond_block":10,"minecraft:spider_eye":3,"minecraft:diamond_chestplate":1,"minecraft:arrow":17,"minecraft:rotten_flesh":9,"minecraft:diamond":142,"minecraft:stone_axe":1,"minecraft:diamond_boots":1,"minecraft:iron_helmet":1,"minecraft:diamond_axe":1,"minecraft:mutton":19,"minecraft:coal":56,"minecraft:white_wool":19,"minecraft:cobblestone":87,"minecraft:diamond_pickaxe":1},"minecraft:killed":{"minecraft:wolf":1,"minecraft:iron_golem":1,"minecraft:spider":5,"minecraft:ender_dragon":1,"minecraft:creeper":4,"minecraft:skeleton":4,"minecraft:zombie":21},"minecraft:killed_by":{"minecraft:player":7,"minecraft:spider":1,"minecraft:ender_dragon":1},"minecraft:used":{"minecraft:cooked_mutton":3,"minecraft:trident":2,"minecraft:diorite":2,"minecraft:rose_bush":1,"minecraft:birch_planks":14,"minecraft:poppy":4,"minecraft:shield":15,"minecraft:wooden_pickaxe":21,"minecraft:diamond_axe":91,"minecraft:torch":5,"minecraft:diamond_block":1,"minecraft:crafting_table":11,"minecraft:white_bed":2,"minecraft:wooden_axe":14,"minecraft:diamond_pickaxe":109,"minecraft:apple":6,"minecraft:iron_axe":67,"minecraft:bread":2,"minecraft:iron_pickaxe":121,"minecraft:diamond_ore":473,"minecraft:stone_axe":33,"minecraft:bow":85,"minecraft:cobblestone":39,"minecraft:furnace":3,"minecraft:andesite":1,"minecraft:cooked_beef":27},"minecraft:custom":{"minecraft:interact_with_furnace":31,"minecraft:mob_kills":41,"minecraft:interact_with_crafting_table":34,"minecraft:play_one_minute":110258,"minecraft:bell_ring":13,"minecraft:time_since_death":20043,"minecraft:sleep_in_bed":1,"minecraft:time_since_rest":20077,"minecraft:sprint_one_cm":369751,"minecraft:damage_taken":5549,"minecraft:walk_one_cm":270205,"minecraft:damage_blocked_by_shield":300,"minecraft:drop":84,"minecraft:damage_dealt":6877,"minecraft:swim_one_cm":4474,"minecraft:player_kills":8,"minecraft:fly_one_cm":567975,"minecraft:open_chest":3,"minecraft:crouch_one_cm":18362,"minecraft:deaths":9,"minecraft:sneak_time":6216,"minecraft:walk_under_water_one_cm":1624,"minecraft:jump":1626,"minecraft:walk_on_water_one_cm":39253,"minecraft:fall_one_cm":40121}},"DataVersion":2586}