{"stats":{"minecraft:crafted":{"minecraft:oak_planks":28,"minecraft:crafting_table":2,"minecraft:stick":8,"minecraft:wooden_axe":2},"minecraft:dropped":{"minecraft:apple":1},"minecraft:mined":{"minecraft:grass":8,"minecraft:oak_log":7,"minecraft:tall_grass":3,"minecraft:birch_leaves":1,"minecraft:oak_leaves":2},"minecraft:picked_up":{"minecraft:wooden_axe":2,"minecraft:crafting_table":2,"minecraft:apple":2,"minecraft:leather":2,"minecraft:wheat_seeds":2,"minecraft:beef":4,"minecraft:oak_log":7,"minecraft:oak_planks":16,"minecraft:mutton":3,"minecraft:white_wool":2},"minecraft:killed_by":{"minecraft:player":2},"minecraft:used":{"minecraft:wooden_axe":5,"minecraft:apple":3,"minecraft:crafting_table":2,"minecraft:bread":2},"minecraft:custom":{"minecraft:time_since_rest":794,"minecraft:open_chest":2,"minecraft:crouch_one_cm":1,"minecraft:play_one_minute":8258,"minecraft:deaths":2,"minecraft:sprint_one_cm":51217,"minecraft:damage_taken":777,"minecraft:walk_one_cm":19693,"minecraft:sneak_time":40,"minecraft:drop":1,"minecraft:jump":201,"minecraft:damage_dealt":440,"minecraft:walk_on_water_one_cm":674,"minecraft:time_since_death":769,"minecraft:interact_with_crafting_table":2,"minecraft:fall_one_cm":3315,"minecraft:fly_one_cm":47203,"minecraft:player_kills":1}},"DataVersion":2586}