{"stats":{"minecraft:crafted":{"minecraft:cooked_beef":8,"minecraft:oak_planks":40,"minecraft:diamond_axe":1,"minecraft:crafting_table":6,"minecraft:spruce_planks":12,"minecraft:wooden_pickaxe":2,"minecraft:iron_helmet":1,"minecraft:furnace":2,"minecraft:birch_planks":52,"minecraft:stone_axe":2,"minecraft:cooked_mutton":3,"minecraft:air":0,"minecraft:diamond_block":12,"minecraft:diamond_helmet":1,"minecraft:diamond_leggings":1,"minecraft:iron_chestplate":1,"minecraft:iron_boots":1,"minecraft:diamond_pickaxe":1,"minecraft:shield":2,"minecraft:iron_axe":1,"minecraft:stick":32,"minecraft:iron_ingot":22,"minecraft:iron_pickaxe":1,"minecraft:wooden_axe":2,"minecraft:diamond_boots":1,"minecraft:white_bed":2,"minecraft:diamond_chestplate":1},"minecraft:dropped":{"minecraft:iron_ingot":7,"minecraft:stone_axe":1,"minecraft:birch_planks":32,"minecraft:wheat_seeds":4,"minecraft:diamond_block":9,"minecraft:cooked_beef":65,"minecraft:diamond":4,"minecraft:birch_sapling":1,"minecraft:rotten_flesh":7,"minecraft:iron_boots":1,"minecraft:apple":1,"minecraft:diamond_ore":688,"minecraft:white_bed":1,"minecraft:stick":12,"minecraft:poppy":5,"minecraft:ink_sac":1,"minecraft:shield":1,"minecraft:iron_chestplate":1,"minecraft:wooden_axe":1,"minecraft:spider_eye":3,"minecraft:wooden_pickaxe":1,"minecraft:iron_pickaxe":2,"minecraft:string":1},"minecraft:mined":{"minecraft:diamond_ore":88,"minecraft:white_bed":1,"minecraft:crafting_table":1,"minecraft:grass_block":1,"minecraft:rose_bush":2,"minecraft:cobblestone":6,"minecraft:tall_grass":5,"minecraft:spruce_leaves":2,"minecraft:diorite":2,"minecraft:birch_planks":14,"minecraft:fire":2,"minecraft:birch_log":13,"minecraft:iron_ore":38,"minecraft:spruce_log":3,"minecraft:birch_leaves":12,"minecraft:diamond_block":3,"minecraft:grass":18,"minecraft:coal_ore":41,"minecraft:oak_log":14,"minecraft:stone":58,"minecraft:oak_leaves":2},"minecraft:picked_up":{"minecraft:wooden_axe":9,"minecraft:birch_log":13,"minecraft:crafting_table":11,"minecraft:cooked_beef":153,"minecraft:andesite":1,"minecraft:leather":16,"minecraft:wooden_pickaxe":1,"minecraft:birch_planks":28,"minecraft:oak_log":10,"minecraft:shield":1,"minecraft:gunpowder":8,"minecraft:string":1,"minecraft:iron_axe":1,"minecraft:bone":3,"minecraft:apple":7,"minecraft:diamond_leggings":1,"minecraft:wheat_seeds":18,"minecraft:beef":22,"minecraft:iron_ingot":10,"minecraft:iron_ore":39,"minecraft:rose_bush":1,"minecraft:poppy":12,"minecraft:iron_pickaxe":1,"minecraft:diamond_helmet":1,"minecraft:birch_sapling":1,"minecraft:oak_planks":16,"minecraft:furnace":1,"minecraft:diamond_ore":1161,"minecraft:stick":18,"minecraft:dandelion":1,"minecraft:torch":5,"minecraft:porkchop":3,"minecraft:ink_sac":1,"minecraft:white_bed":1,"minecraft:diorite":2,"minecraft:spruce_log":3,"minecraft:diamond_block":8,"minecraft:spider_eye":3,"minecraft:diamond_chestplate":1,"minecraft:arrow":14,"minecraft:rotten_flesh":7,"minecraft:diamond":142,"minecraft:stone_axe":1,"minecraft:diamond_boots":1,"minecraft:iron_helmet":1,"minecraft:diamond_axe":1,"minecraft:mutton":19,"minecraft:coal":56,"minecraft:white_wool":19,"minecraft:cobblestone":84,"minecraft:diamond_pickaxe":1},"minecraft:killed":{"minecraft:spider":5,"minecraft:creeper":3,"minecraft:skeleton":2,"minecraft:zombie":11},"minecraft:killed_by":{"minecraft:player":7,"minecraft:spider":1,"minecraft:ender_dragon":1},"minecraft:used":{"minecraft:cooked_mutton":3,"minecraft:diorite":2,"minecraft:rose_bush":1,"minecraft:birch_planks":14,"minecraft:poppy":4,"minecraft:shield":14,"minecraft:wooden_pickaxe":21,"minecraft:diamond_axe":90,"minecraft:torch":5,"minecraft:diamond_block":1,"minecraft:crafting_table":11,"minecraft:white_bed":2,"minecraft:wooden_axe":14,"minecraft:diamond_pickaxe":106,"minecraft:apple":6,"minecraft:iron_axe":67,"minecraft:bread":2,"minecraft:iron_pickaxe":121,"minecraft:diamond_ore":473,"minecraft:stone_axe":33,"minecraft:cobblestone":39,"minecraft:furnace":3,"minecraft:andesite":1,"minecraft:cooked_beef":23},"minecraft:custom":{"minecraft:interact_with_furnace":31,"minecraft:mob_kills":24,"minecraft:interact_with_crafting_table":34,"minecraft:play_one_minute":98258,"minecraft:bell_ring":13,"minecraft:time_since_death":8043,"minecraft:sleep_in_bed":1,"minecraft:time_since_rest":8077,"minecraft:sprint_one_cm":334084,"minecraft:damage_taken":5259,"minecraft:walk_one_cm":245893,"minecraft:damage_blocked_by_shield":300,"minecraft:drop":77,"minecraft:damage_dealt":6877,"minecraft:swim_one_cm":2134,"minecraft:player_kills":7,"minecraft:fly_one_cm":513342,"minecraft:open_chest":3,"minecraft:crouch_one_cm":18362,"minecraft:deaths":9,"minecraft:sneak_time":6215,"minecraft:walk_under_water_one_cm":702,"minecraft:jump":1509,"minecraft:walk_on_water_one_cm":22558,"minecraft:fall_one_cm":38807}},"DataVersion":2586}