{"stats":{"minecraft:crafted":{"minecraft:oak_planks":12,"minecraft:diamond_sword":1,"minecraft:diamond_axe":1,"minecraft:crafting_table":2,"minecraft:spruce_planks":8,"minecraft:diamond_hoe":1,"minecraft:wooden_pickaxe":1,"minecraft:diamond_shovel":1,"minecraft:bread":114,"minecraft:diamond_block":6,"minecraft:diamond_helmet":1,"minecraft:diamond_leggings":1,"minecraft:diamond_pickaxe":1,"minecraft:stick":12,"minecraft:diamond_boots":1,"minecraft:wheat":351,"minecraft:diamond_chestplate":1},"minecraft:dropped":{"minecraft:bread":22,"minecraft:iron_sword":1,"minecraft:wheat_seeds":4,"minecraft:cooked_beef":320,"minecraft:diamond":128,"minecraft:wheat":125,"minecraft:obsidian":3,"minecraft:rotten_flesh":12,"minecraft:diamond_ore":192,"minecraft:chainmail_helmet":1,"minecraft:chainmail_chestplate":1,"minecraft:gunpowder":4,"minecraft:diamond_chestplate":1,"minecraft:hopper":1,"minecraft:chest":64,"minecraft:chainmail_boots":1,"minecraft:wooden_sword":1,"minecraft:chainmail_leggings":1},"minecraft:mined":{"minecraft:diamond_ore":137,"minecraft:grass_block":3,"minecraft:tall_grass":9,"minecraft:spruce_leaves":1,"minecraft:wall_torch":1,"minecraft:hay_block":40,"minecraft:fire":3,"minecraft:spruce_log":2,"minecraft:diamond_block":6,"minecraft:tnt":3,"minecraft:grass_path":4,"minecraft:grass":31,"minecraft:oak_log":5,"minecraft:gravel":11,"minecraft:dirt":13,"minecraft:stone":2,"minecraft:oak_leaves":2},"minecraft:picked_up":{"minecraft:wheat":125,"minecraft:lilac":1,"minecraft:cooked_beef":281,"minecraft:chicken":2,"minecraft:andesite":2,"minecraft:potato":2,"minecraft:flint":2,"minecraft:oak_log":5,"minecraft:gunpowder":4,"minecraft:dirt":20,"minecraft:wooden_sword":1,"minecraft:flint_and_steel":2,"minecraft:bone":9,"minecraft:wheat_seeds":12,"minecraft:iron_ingot":3,"minecraft:beef":2,"minecraft:poppy":2,"minecraft:oak_planks":30,"minecraft:furnace":2,"minecraft:egg":1,"minecraft:diamond_ore":1082,"minecraft:torch":3,"minecraft:dandelion":1,"minecraft:gravel":9,"minecraft:porkchop":3,"minecraft:trident":1,"minecraft:ink_sac":3,"minecraft:spruce_log":2,"minecraft:diamond_block":4,"minecraft:tnt":91,"minecraft:diamond_chestplate":1,"minecraft:arrow":4,"minecraft:rotten_flesh":28,"minecraft:diamond":139,"minecraft:iron_helmet":1,"minecraft:hay_block":39,"minecraft:chainmail_helmet":1,"minecraft:bread":10,"minecraft:coal":3,"minecraft:mutton":6,"minecraft:white_wool":5,"minecraft:cobblestone":2,"minecraft:oxeye_daisy":1},"minecraft:killed":{"minecraft:pig":1,"minecraft:sheep":2,"minecraft:skeleton":2,"minecraft:zombie":14,"minecraft:chicken":1,"minecraft:wither_skeleton":11,"minecraft:villager":2,"minecraft:cow":1},"minecraft:killed_by":{"minecraft:player":1,"minecraft:creeper":1},"minecraft:used":{"minecraft:flint_and_steel":5,"minecraft:oak_planks":3,"minecraft:wooden_pickaxe":4,"minecraft:diamond_block":6,"minecraft:dirt":3,"minecraft:hopper":1,"minecraft:tnt":108,"minecraft:crafting_table":2,"minecraft:oak_log":2,"minecraft:diamond_pickaxe":144,"minecraft:diamond_shovel":32,"minecraft:bread":47,"minecraft:diamond_ore":6,"minecraft:wooden_sword":110,"minecraft:diamond_sword":5,"minecraft:cobblestone":2,"minecraft:porkchop":3,"minecraft:egg":1},"minecraft:custom":{"minecraft:mob_kills":34,"minecraft:interact_with_crafting_table":10,"minecraft:play_one_minute":93264,"minecraft:leave_game":2,"minecraft:time_since_death":2763,"minecraft:climb_one_cm":657,"minecraft:time_since_rest":2790,"minecraft:sprint_one_cm":268256,"minecraft:damage_taken":2925,"minecraft:walk_one_cm":188609,"minecraft:drop":59,"minecraft:damage_dealt":5617,"minecraft:swim_one_cm":35494,"minecraft:talked_to_villager":5,"minecraft:fly_one_cm":564302,"minecraft:player_kills":2,"minecraft:open_chest":4,"minecraft:crouch_one_cm":7590,"minecraft:deaths":4,"minecraft:sneak_time":2609,"minecraft:walk_under_water_one_cm":19430,"minecraft:jump":2222,"minecraft:walk_on_water_one_cm":115895,"minecraft:fall_one_cm":46547}},"DataVersion":2586}