{"stats":{"minecraft:crafted":{"minecraft:oak_planks":12,"minecraft:crafting_table":1,"minecraft:bread":114,"minecraft:wheat":351},"minecraft:dropped":{"minecraft:iron_sword":1,"minecraft:wheat_seeds":4,"minecraft:cooked_beef":320,"minecraft:diamond":128,"minecraft:hopper":1,"minecraft:wheat":125,"minecraft:obsidian":3,"minecraft:chest":64,"minecraft:chainmail_boots":1,"minecraft:chainmail_leggings":1,"minecraft:diamond_ore":192,"minecraft:chainmail_helmet":1,"minecraft:chainmail_chestplate":1},"minecraft:mined":{"minecraft:hay_block":40,"minecraft:fire":3,"minecraft:tnt":3,"minecraft:grass":8,"minecraft:oak_log":5,"minecraft:tall_grass":1,"minecraft:oak_leaves":2,"minecraft:wall_torch":1},"minecraft:picked_up":{"minecraft:diamond_ore":1082,"minecraft:wheat":125,"minecraft:cooked_beef":256,"minecraft:chicken":2,"minecraft:andesite":2,"minecraft:torch":3,"minecraft:potato":2,"minecraft:porkchop":3,"minecraft:oak_log":5,"minecraft:flint_and_steel":2,"minecraft:tnt":91,"minecraft:rotten_flesh":4,"minecraft:wheat_seeds":6,"minecraft:hay_block":39,"minecraft:beef":2,"minecraft:chainmail_helmet":1,"minecraft:mutton":6,"minecraft:oak_planks":30,"minecraft:white_wool":4,"minecraft:furnace":2,"minecraft:egg":1},"minecraft:killed":{"minecraft:sheep":2,"minecraft:zombie":7,"minecraft:pig":1,"minecraft:chicken":1,"minecraft:cow":1},"minecraft:killed_by":{"minecraft:creeper":1},"minecraft:used":{"minecraft:oak_log":2,"minecraft:flint_and_steel":5,"minecraft:bread":4,"minecraft:diamond_ore":6,"minecraft:crafting_table":1,"minecraft:tnt":108,"minecraft:hopper":1,"minecraft:porkchop":3,"minecraft:egg":1},"minecraft:custom":{"minecraft:time_since_rest":8748,"minecraft:sprint_one_cm":125715,"minecraft:damage_taken":814,"minecraft:walk_one_cm":72939,"minecraft:mob_kills":12,"minecraft:drop":22,"minecraft:damage_dealt":539,"minecraft:interact_with_crafting_table":2,"minecraft:talked_to_villager":4,"minecraft:player_kills":1,"minecraft:fly_one_cm":271669,"minecraft:open_chest":3,"minecraft:crouch_one_cm":2541,"minecraft:play_one_minute":50834,"minecraft:deaths":3,"minecraft:sneak_time":773,"minecraft:walk_under_water_one_cm":178,"minecraft:jump":917,"minecraft:walk_on_water_one_cm":338,"minecraft:time_since_death":8680,"minecraft:fall_one_cm":17434}},"DataVersion":2586}