{"stats":{"minecraft:dropped":{"minecraft:iron_sword":1,"minecraft:cooked_beef":320,"minecraft:chainmail_leggings":1,"minecraft:diamond_ore":192,"minecraft:diamond":128,"minecraft:chainmail_helmet":1,"minecraft:hopper":1,"minecraft:obsidian":3,"minecraft:chainmail_chestplate":1,"minecraft:chest":64,"minecraft:chainmail_boots":1},"minecraft:mined":{"minecraft:grass":2,"minecraft:tall_grass":1,"minecraft:fire":3,"minecraft:tnt":3},"minecraft:picked_up":{"minecraft:diamond_ore":64,"minecraft:tnt":3,"minecraft:cooked_beef":256,"minecraft:chicken":1,"minecraft:chainmail_helmet":1,"minecraft:mutton":3,"minecraft:white_wool":2,"minecraft:egg":1},"minecraft:killed":{"minecraft:sheep":2,"minecraft:chicken":1},"minecraft:used":{"minecraft:flint_and_steel":4,"minecraft:tnt":64,"minecraft:hopper":1,"minecraft:egg":1},"minecraft:custom":{"minecraft:time_since_rest":1930,"minecraft:open_chest":2,"minecraft:play_one_minute":38834,"minecraft:crouch_one_cm":322,"minecraft:deaths":1,"minecraft:damage_taken":114,"minecraft:sprint_one_cm":65686,"minecraft:walk_one_cm":46767,"minecraft:sneak_time":335,"minecraft:walk_under_water_one_cm":178,"minecraft:mob_kills":3,"minecraft:drop":18,"minecraft:jump":451,"minecraft:damage_dealt":288,"minecraft:time_since_death":1895,"minecraft:walk_on_water_one_cm":227,"minecraft:fall_one_cm":5891,"minecraft:fly_one_cm":136091}},"DataVersion":2586}