{"stats":{"minecraft:crafted":{"minecraft:oak_planks":12,"minecraft:diamond_sword":1,"minecraft:diamond_axe":1,"minecraft:crafting_table":2,"minecraft:spruce_planks":8,"minecraft:diamond_hoe":1,"minecraft:wooden_pickaxe":1,"minecraft:diamond_shovel":1,"minecraft:bread":114,"minecraft:diamond_block":6,"minecraft:diamond_helmet":1,"minecraft:diamond_leggings":1,"minecraft:diamond_pickaxe":1,"minecraft:stick":12,"minecraft:diamond_boots":1,"minecraft:diamond_chestplate":1,"minecraft:wheat":351},"minecraft:dropped":{"minecraft:bread":10,"minecraft:iron_sword":1,"minecraft:wheat_seeds":4,"minecraft:cooked_beef":320,"minecraft:diamond":128,"minecraft:wheat":125,"minecraft:obsidian":3,"minecraft:diamond_ore":192,"minecraft:chainmail_helmet":1,"minecraft:chainmail_chestplate":1,"minecraft:hopper":1,"minecraft:chest":64,"minecraft:chainmail_boots":1,"minecraft:chainmail_leggings":1},"minecraft:picked_up":{"minecraft:wheat":125,"minecraft:cooked_beef":281,"minecraft:chicken":2,"minecraft:andesite":2,"minecraft:potato":2,"minecraft:oak_log":5,"minecraft:dirt":2,"minecraft:flint_and_steel":2,"minecraft:wheat_seeds":6,"minecraft:beef":2,"minecraft:oak_planks":30,"minecraft:egg":1,"minecraft:furnace":2,"minecraft:diamond_ore":1082,"minecraft:torch":3,"minecraft:porkchop":3,"minecraft:spruce_log":2,"minecraft:diamond_block":3,"minecraft:tnt":91,"minecraft:arrow":2,"minecraft:rotten_flesh":6,"minecraft:diamond":139,"minecraft:hay_block":39,"minecraft:bread":10,"minecraft:chainmail_helmet":1,"minecraft:mutton":6,"minecraft:white_wool":4,"minecraft:cobblestone":2},"minecraft:mined":{"minecraft:diamond_ore":137,"minecraft:grass_block":2,"minecraft:tall_grass":1,"minecraft:spruce_leaves":1,"minecraft:wall_torch":1,"minecraft:hay_block":40,"minecraft:fire":3,"minecraft:spruce_log":2,"minecraft:diamond_block":3,"minecraft:tnt":3,"minecraft:grass":8,"minecraft:oak_log":5,"minecraft:stone":2,"minecraft:oak_leaves":2},"minecraft:killed":{"minecraft:pig":1,"minecraft:sheep":2,"minecraft:skeleton":1,"minecraft:zombie":7,"minecraft:chicken":1,"minecraft:cow":1},"minecraft:killed_by":{"minecraft:creeper":1},"minecraft:used":{"minecraft:flint_and_steel":5,"minecraft:oak_planks":2,"minecraft:wooden_pickaxe":4,"minecraft:diamond_block":3,"minecraft:crafting_table":2,"minecraft:tnt":108,"minecraft:hopper":1,"minecraft:oak_log":2,"minecraft:diamond_pickaxe":141,"minecraft:diamond_shovel":5,"minecraft:bread":14,"minecraft:diamond_ore":6,"minecraft:diamond_sword":3,"minecraft:porkchop":3,"minecraft:egg":1},"minecraft:custom":{"minecraft:mob_kills":14,"minecraft:interact_with_crafting_table":9,"minecraft:play_one_minute":67455,"minecraft:leave_game":2,"minecraft:time_since_death":25301,"minecraft:climb_one_cm":657,"minecraft:time_since_rest":25369,"minecraft:sprint_one_cm":166023,"minecraft:damage_taken":1137,"minecraft:walk_one_cm":113088,"minecraft:drop":32,"minecraft:damage_dealt":816,"minecraft:swim_one_cm":158,"minecraft:talked_to_villager":4,"minecraft:fly_one_cm":329567,"minecraft:player_kills":1,"minecraft:open_chest":3,"minecraft:crouch_one_cm":4418,"minecraft:deaths":3,"minecraft:sneak_time":1620,"minecraft:walk_under_water_one_cm":226,"minecraft:jump":1350,"minecraft:walk_on_water_one_cm":1873,"minecraft:fall_one_cm":31973}},"DataVersion":2586}