{"stats":{"minecraft:crafted":{"minecraft:oak_planks":20,"minecraft:crafting_table":1,"minecraft:stick":8,"minecraft:wooden_axe":1},"minecraft:dropped":{"minecraft:wheat_seeds":14},"minecraft:mined":{"minecraft:crafting_table":2,"minecraft:grass":55,"minecraft:oak_log":5,"minecraft:poppy":3,"minecraft:tall_grass":7,"minecraft:oak_leaves":2},"minecraft:picked_up":{"minecraft:wooden_axe":10,"minecraft:stick":16,"minecraft:crafting_table":10,"minecraft:leather":12,"minecraft:wooden_pickaxe":1,"minecraft:porkchop":2,"minecraft:oak_log":5,"minecraft:spider_eye":1,"minecraft:rotten_flesh":4,"minecraft:apple":14,"minecraft:stone_axe":1,"minecraft:wheat_seeds":32,"minecraft:iron_ingot":3,"minecraft:beef":26,"minecraft:poppy":8,"minecraft:oak_sapling":2,"minecraft:mutton":28,"minecraft:oak_planks":29,"minecraft:white_wool":20},"minecraft:killed":{"minecraft:skeleton":1,"minecraft:sheep":1,"minecraft:zombie":2,"minecraft:spider":1,"minecraft:iron_golem":1,"minecraft:cow":2},"minecraft:killed_by":{"minecraft:player":6},"minecraft:used":{"minecraft:wooden_axe":23,"minecraft:apple":5,"minecraft:oak_planks":11,"minecraft:stone_axe":23,"minecraft:mutton":6,"minecraft:crafting_table":1},"minecraft:custom":{"minecraft:time_since_rest":7135,"minecraft:sprint_one_cm":100636,"minecraft:damage_taken":1994,"minecraft:walk_one_cm":106569,"minecraft:mob_kills":8,"minecraft:drop":1,"minecraft:damage_dealt":3049,"minecraft:swim_one_cm":3766,"minecraft:talked_to_villager":1,"minecraft:interact_with_crafting_table":1,"minecraft:fly_one_cm":183462,"minecraft:player_kills":5,"minecraft:open_chest":7,"minecraft:crouch_one_cm":103,"minecraft:play_one_minute":20803,"minecraft:deaths":6,"minecraft:sneak_time":216,"minecraft:walk_under_water_one_cm":241,"minecraft:jump":683,"minecraft:leave_game":3,"minecraft:walk_on_water_one_cm":4308,"minecraft:time_since_death":7109,"minecraft:sleep_in_bed":1,"minecraft:fall_one_cm":12795}},"DataVersion":2586}