{"stats":{"minecraft:crafted":{"minecraft:cooked_beef":1,"minecraft:oak_planks":20,"minecraft:crafting_table":1,"minecraft:iron_helmet":1,"minecraft:iron_sword":1,"minecraft:cooked_mutton":2,"minecraft:air":0,"minecraft:shield":1,"minecraft:stick":8,"minecraft:iron_ingot":12,"minecraft:iron_pickaxe":1,"minecraft:wooden_axe":1,"minecraft:torch":12},"minecraft:dropped":{"minecraft:iron_ingot":7,"minecraft:wheat_seeds":14,"minecraft:torch":5},"minecraft:mined":{"minecraft:diamond_ore":1,"minecraft:crafting_table":2,"minecraft:poppy":3,"minecraft:tall_grass":7,"minecraft:cobblestone":4,"minecraft:diorite":2,"minecraft:wall_torch":2,"minecraft:furnace":2,"minecraft:iron_ore":11,"minecraft:andesite":1,"minecraft:grass":55,"minecraft:oak_log":5,"minecraft:coal_ore":36,"minecraft:rail":1,"minecraft:stone":26,"minecraft:oak_leaves":2},"minecraft:picked_up":{"minecraft:wooden_axe":10,"minecraft:crafting_table":10,"minecraft:cooked_beef":3,"minecraft:andesite":1,"minecraft:leather":12,"minecraft:wooden_pickaxe":2,"minecraft:birch_planks":18,"minecraft:oak_log":5,"minecraft:string":2,"minecraft:apple":14,"minecraft:wheat_seeds":32,"minecraft:beef":26,"minecraft:iron_ingot":9,"minecraft:iron_ore":10,"minecraft:poppy":8,"minecraft:iron_pickaxe":1,"minecraft:oak_planks":29,"minecraft:furnace":1,"minecraft:stick":24,"minecraft:torch":2,"minecraft:porkchop":2,"minecraft:diorite":2,"minecraft:white_bed":1,"minecraft:spider_eye":1,"minecraft:rotten_flesh":7,"minecraft:stone_axe":1,"minecraft:oak_sapling":2,"minecraft:mutton":28,"minecraft:coal":37,"minecraft:rail":2,"minecraft:white_wool":20,"minecraft:cobblestone":26},"minecraft:killed":{"minecraft:spider":2,"minecraft:iron_golem":1,"minecraft:sheep":1,"minecraft:skeleton":2,"minecraft:zombie":4,"minecraft:cow":2},"minecraft:killed_by":{"minecraft:player":6},"minecraft:used":{"minecraft:cooked_mutton":2,"minecraft:diorite":1,"minecraft:oak_planks":11,"minecraft:shield":3,"minecraft:wooden_pickaxe":14,"minecraft:iron_sword":18,"minecraft:torch":6,"minecraft:mutton":6,"minecraft:crafting_table":1,"minecraft:white_bed":1,"minecraft:wooden_axe":23,"minecraft:apple":5,"minecraft:iron_pickaxe":71,"minecraft:stone_axe":23,"minecraft:cobblestone":23,"minecraft:cooked_beef":3},"minecraft:custom":{"minecraft:interact_with_furnace":31,"minecraft:mob_kills":12,"minecraft:interact_with_crafting_table":7,"minecraft:play_one_minute":44803,"minecraft:leave_game":3,"minecraft:time_since_death":23756,"minecraft:sleep_in_bed":1,"minecraft:time_since_rest":23783,"minecraft:sprint_one_cm":112452,"minecraft:damage_taken":2556,"minecraft:walk_one_cm":189900,"minecraft:damage_blocked_by_shield":75,"minecraft:drop":7,"minecraft:damage_dealt":4074,"minecraft:player_kills":5,"minecraft:talked_to_villager":1,"minecraft:swim_one_cm":3766,"minecraft:fly_one_cm":209806,"minecraft:open_chest":7,"minecraft:crouch_one_cm":11205,"minecraft:deaths":7,"minecraft:sneak_time":3840,"minecraft:walk_under_water_one_cm":241,"minecraft:jump":919,"minecraft:walk_on_water_one_cm":4308,"minecraft:fall_one_cm":17829}},"DataVersion":2586}