{"stats":{"minecraft:crafted":{"minecraft:cooked_beef":1,"minecraft:oak_planks":20,"minecraft:shield":1,"minecraft:crafting_table":1,"minecraft:stick":8,"minecraft:iron_helmet":1,"minecraft:iron_pickaxe":1,"minecraft:iron_ingot":12,"minecraft:wooden_axe":1,"minecraft:iron_sword":1,"minecraft:torch":12,"minecraft:cooked_mutton":2,"minecraft:air":0},"minecraft:dropped":{"minecraft:iron_ingot":7,"minecraft:wheat_seeds":14},"minecraft:mined":{"minecraft:crafting_table":2,"minecraft:grass":55,"minecraft:coal_ore":8,"minecraft:oak_log":5,"minecraft:poppy":3,"minecraft:tall_grass":7,"minecraft:cobblestone":2,"minecraft:stone":18,"minecraft:diorite":1,"minecraft:oak_leaves":2},"minecraft:picked_up":{"minecraft:wooden_axe":10,"minecraft:stick":24,"minecraft:crafting_table":10,"minecraft:cooked_beef":3,"minecraft:leather":12,"minecraft:wooden_pickaxe":2,"minecraft:birch_planks":16,"minecraft:porkchop":2,"minecraft:oak_log":5,"minecraft:diorite":1,"minecraft:spider_eye":1,"minecraft:rotten_flesh":4,"minecraft:apple":14,"minecraft:stone_axe":1,"minecraft:wheat_seeds":32,"minecraft:iron_ingot":9,"minecraft:beef":26,"minecraft:poppy":8,"minecraft:iron_pickaxe":1,"minecraft:oak_sapling":2,"minecraft:coal":8,"minecraft:mutton":28,"minecraft:oak_planks":29,"minecraft:white_wool":20,"minecraft:cobblestone":15},"minecraft:killed":{"minecraft:skeleton":1,"minecraft:sheep":1,"minecraft:zombie":2,"minecraft:spider":1,"minecraft:iron_golem":1,"minecraft:cow":2},"minecraft:killed_by":{"minecraft:player":6},"minecraft:used":{"minecraft:wooden_axe":23,"minecraft:diorite":1,"minecraft:apple":5,"minecraft:iron_pickaxe":15,"minecraft:oak_planks":11,"minecraft:wooden_pickaxe":14,"minecraft:stone_axe":23,"minecraft:cobblestone":8,"minecraft:mutton":6,"minecraft:crafting_table":1,"minecraft:cooked_beef":1},"minecraft:custom":{"minecraft:time_since_rest":11783,"minecraft:interact_with_furnace":27,"minecraft:sprint_one_cm":109616,"minecraft:damage_taken":2074,"minecraft:walk_one_cm":136459,"minecraft:mob_kills":8,"minecraft:drop":2,"minecraft:damage_dealt":3059,"minecraft:swim_one_cm":3766,"minecraft:talked_to_villager":1,"minecraft:interact_with_crafting_table":7,"minecraft:fly_one_cm":207604,"minecraft:player_kills":5,"minecraft:open_chest":7,"minecraft:crouch_one_cm":2316,"minecraft:play_one_minute":32803,"minecraft:deaths":7,"minecraft:sneak_time":1083,"minecraft:walk_under_water_one_cm":241,"minecraft:jump":819,"minecraft:leave_game":3,"minecraft:walk_on_water_one_cm":4308,"minecraft:time_since_death":11756,"minecraft:sleep_in_bed":1,"minecraft:fall_one_cm":15459}},"DataVersion":2586}