{"stats":{"minecraft:crafted":{"minecraft:oak_planks":20,"minecraft:crafting_table":1,"minecraft:stick":8,"minecraft:wooden_axe":1},"minecraft:mined":{"minecraft:grass":16,"minecraft:oak_log":5,"minecraft:tall_grass":3,"minecraft:oak_leaves":2,"minecraft:crafting_table":2},"minecraft:picked_up":{"minecraft:wooden_axe":4,"minecraft:stick":4,"minecraft:crafting_table":4,"minecraft:apple":4,"minecraft:leather":4,"minecraft:wheat_seeds":6,"minecraft:beef":8,"minecraft:oak_log":5,"minecraft:oak_sapling":2,"minecraft:mutton":6,"minecraft:oak_planks":26,"minecraft:white_wool":4},"minecraft:killed":{"minecraft:sheep":1,"minecraft:cow":2},"minecraft:killed_by":{"minecraft:player":1},"minecraft:used":{"minecraft:wooden_axe":13,"minecraft:crafting_table":1,"minecraft:oak_planks":8},"minecraft:custom":{"minecraft:open_chest":1,"minecraft:time_since_rest":1703,"minecraft:play_one_minute":8852,"minecraft:deaths":1,"minecraft:sprint_one_cm":33179,"minecraft:damage_taken":458,"minecraft:walk_one_cm":55819,"minecraft:mob_kills":3,"minecraft:jump":183,"minecraft:damage_dealt":790,"minecraft:walk_on_water_one_cm":2111,"minecraft:leave_game":3,"minecraft:time_since_death":1624,"minecraft:sleep_in_bed":1,"minecraft:interact_with_crafting_table":1,"minecraft:fly_one_cm":39510,"minecraft:fall_one_cm":3102,"minecraft:talked_to_villager":1,"minecraft:player_kills":2}},"DataVersion":2586}