{"stats":{"minecraft:killed":{"minecraft:sheep":1},"minecraft:mined":{"minecraft:oak_log":5,"minecraft:crafting_table":1},"minecraft:used":{"minecraft:wooden_axe":4,"minecraft:crafting_table":1},"minecraft:crafted":{"minecraft:oak_planks":20,"minecraft:crafting_table":1,"minecraft:stick":8,"minecraft:wooden_axe":1},"minecraft:picked_up":{"minecraft:crafting_table":1,"minecraft:apple":1,"minecraft:oak_log":5,"minecraft:mutton":2,"minecraft:white_wool":1},"minecraft:custom":{"minecraft:time_since_rest":4406,"minecraft:open_chest":1,"minecraft:play_one_minute":5293,"minecraft:sprint_one_cm":20464,"minecraft:walk_one_cm":32190,"minecraft:mob_kills":1,"minecraft:jump":92,"minecraft:damage_dealt":225,"minecraft:leave_game":1,"minecraft:time_since_death":5293,"minecraft:sleep_in_bed":1,"minecraft:fall_one_cm":2206,"minecraft:talked_to_villager":1,"minecraft:interact_with_crafting_table":1,"minecraft:fly_one_cm":20570}},"DataVersion":2586}