{"stats":{"minecraft:crafted":{"minecraft:cooked_beef":1,"minecraft:oak_planks":44,"minecraft:diamond_sword":1,"minecraft:diamond_axe":1,"minecraft:crafting_table":2,"minecraft:iron_helmet":1,"minecraft:iron_sword":1,"minecraft:cooked_mutton":2,"minecraft:air":0,"minecraft:diamond_helmet":1,"minecraft:diamond_leggings":1,"minecraft:diamond_pickaxe":1,"minecraft:shield":1,"minecraft:stick":16,"minecraft:iron_ingot":12,"minecraft:iron_pickaxe":1,"minecraft:wooden_axe":1,"minecraft:torch":12,"minecraft:diamond_chestplate":1},"minecraft:broken":{"minecraft:iron_pickaxe":1},"minecraft:dropped":{"minecraft:iron_ingot":7,"minecraft:wheat_seeds":17,"minecraft:rotten_flesh":1,"minecraft:diamond_ore":9,"minecraft:torch":5},"minecraft:mined":{"minecraft:diamond_ore":187,"minecraft:crafting_table":2,"minecraft:poppy":3,"minecraft:tall_grass":12,"minecraft:cobblestone":4,"minecraft:diorite":2,"minecraft:wall_torch":2,"minecraft:furnace":2,"minecraft:iron_ore":11,"minecraft:birch_leaves":1,"minecraft:andesite":3,"minecraft:tnt":1,"minecraft:grass":65,"minecraft:oak_log":11,"minecraft:coal_ore":36,"minecraft:rail":1,"minecraft:stone":30,"minecraft:oak_leaves":5},"minecraft:picked_up":{"minecraft:wooden_axe":10,"minecraft:iron_chestplate":1,"minecraft:crafting_table":10,"minecraft:cooked_beef":14,"minecraft:andesite":5,"minecraft:leather":12,"minecraft:wooden_pickaxe":3,"minecraft:birch_planks":30,"minecraft:oak_log":11,"minecraft:shield":2,"minecraft:dirt":1,"minecraft:string":4,"minecraft:apple":14,"minecraft:wheat_seeds":35,"minecraft:beef":26,"minecraft:iron_ingot":9,"minecraft:iron_ore":12,"minecraft:rose_bush":1,"minecraft:poppy":8,"minecraft:iron_pickaxe":3,"minecraft:iron_sword":1,"minecraft:oak_planks":29,"minecraft:iron_boots":1,"minecraft:egg":1,"minecraft:furnace":1,"minecraft:diamond_ore":368,"minecraft:stick":26,"minecraft:torch":5,"minecraft:porkchop":2,"minecraft:diorite":3,"minecraft:white_bed":1,"minecraft:spider_eye":1,"minecraft:rotten_flesh":14,"minecraft:diamond":151,"minecraft:stone_axe":2,"minecraft:iron_helmet":1,"minecraft:oak_sapling":2,"minecraft:mutton":28,"minecraft:coal":67,"minecraft:rail":4,"minecraft:white_wool":20,"minecraft:cobblestone":49},"minecraft:killed":{"minecraft:spider":2,"minecraft:iron_golem":1,"minecraft:sheep":1,"minecraft:skeleton":2,"minecraft:zombie":6,"minecraft:cow":2},"minecraft:killed_by":{"minecraft:player":7,"minecraft:zombie":1,"minecraft:wither":1},"minecraft:used":{"minecraft:cooked_mutton":2,"minecraft:diorite":2,"minecraft:rose_bush":1,"minecraft:oak_planks":11,"minecraft:shield":13,"minecraft:wooden_pickaxe":14,"minecraft:iron_sword":21,"minecraft:torch":6,"minecraft:mutton":6,"minecraft:crafting_table":2,"minecraft:white_bed":1,"minecraft:wooden_axe":23,"minecraft:diamond_pickaxe":60,"minecraft:apple":5,"minecraft:iron_pickaxe":217,"minecraft:stone_axe":23,"minecraft:cobblestone":33,"minecraft:andesite":2,"minecraft:egg":1,"minecraft:cooked_beef":6},"minecraft:custom":{"minecraft:interact_with_furnace":31,"minecraft:mob_kills":14,"minecraft:interact_with_crafting_table":11,"minecraft:play_one_minute":68803,"minecraft:leave_game":3,"minecraft:time_since_death":17535,"minecraft:sleep_in_bed":1,"minecraft:time_since_rest":17616,"minecraft:sprint_one_cm":149467,"minecraft:damage_taken":3486,"minecraft:walk_one_cm":302587,"minecraft:damage_blocked_by_shield":150,"minecraft:drop":20,"minecraft:damage_dealt":4700,"minecraft:player_kills":5,"minecraft:talked_to_villager":1,"minecraft:swim_one_cm":4190,"minecraft:fly_one_cm":270585,"minecraft:open_chest":7,"minecraft:crouch_one_cm":11679,"minecraft:deaths":10,"minecraft:sneak_time":4116,"minecraft:walk_under_water_one_cm":420,"minecraft:jump":1265,"minecraft:walk_on_water_one_cm":6490,"minecraft:fall_one_cm":26007}},"DataVersion":2586}