{"stats":{"minecraft:crafted":{"minecraft:cooked_beef":1,"minecraft:oak_planks":20,"minecraft:crafting_table":1,"minecraft:iron_helmet":1,"minecraft:iron_sword":1,"minecraft:cooked_mutton":2,"minecraft:air":0,"minecraft:shield":1,"minecraft:stick":8,"minecraft:iron_ingot":12,"minecraft:iron_pickaxe":1,"minecraft:wooden_axe":1,"minecraft:torch":12},"minecraft:dropped":{"minecraft:iron_ingot":7,"minecraft:wheat_seeds":15,"minecraft:diamond_ore":9,"minecraft:torch":5},"minecraft:mined":{"minecraft:diamond_ore":16,"minecraft:crafting_table":2,"minecraft:poppy":3,"minecraft:tall_grass":12,"minecraft:cobblestone":4,"minecraft:diorite":2,"minecraft:wall_torch":2,"minecraft:furnace":2,"minecraft:iron_ore":11,"minecraft:birch_leaves":1,"minecraft:andesite":3,"minecraft:tnt":1,"minecraft:grass":65,"minecraft:oak_log":5,"minecraft:coal_ore":36,"minecraft:rail":1,"minecraft:stone":26,"minecraft:oak_leaves":4},"minecraft:picked_up":{"minecraft:wooden_axe":10,"minecraft:iron_chestplate":1,"minecraft:crafting_table":10,"minecraft:cooked_beef":4,"minecraft:andesite":5,"minecraft:leather":12,"minecraft:wooden_pickaxe":3,"minecraft:birch_planks":30,"minecraft:oak_log":5,"minecraft:shield":2,"minecraft:string":4,"minecraft:apple":14,"minecraft:wheat_seeds":35,"minecraft:beef":26,"minecraft:iron_ingot":9,"minecraft:iron_ore":12,"minecraft:poppy":8,"minecraft:iron_pickaxe":3,"minecraft:iron_sword":1,"minecraft:oak_planks":29,"minecraft:iron_boots":1,"minecraft:egg":1,"minecraft:furnace":1,"minecraft:diamond_ore":368,"minecraft:stick":26,"minecraft:torch":5,"minecraft:porkchop":2,"minecraft:diorite":3,"minecraft:white_bed":1,"minecraft:spider_eye":1,"minecraft:rotten_flesh":12,"minecraft:diamond":14,"minecraft:stone_axe":2,"minecraft:iron_helmet":1,"minecraft:oak_sapling":2,"minecraft:mutton":28,"minecraft:coal":67,"minecraft:rail":4,"minecraft:white_wool":20,"minecraft:cobblestone":45},"minecraft:killed":{"minecraft:spider":2,"minecraft:iron_golem":1,"minecraft:sheep":1,"minecraft:skeleton":2,"minecraft:zombie":6,"minecraft:cow":2},"minecraft:killed_by":{"minecraft:player":7,"minecraft:zombie":1,"minecraft:wither":1},"minecraft:used":{"minecraft:cooked_mutton":2,"minecraft:diorite":2,"minecraft:oak_planks":11,"minecraft:shield":13,"minecraft:wooden_pickaxe":14,"minecraft:iron_sword":21,"minecraft:torch":6,"minecraft:mutton":6,"minecraft:crafting_table":1,"minecraft:white_bed":1,"minecraft:wooden_axe":23,"minecraft:apple":5,"minecraft:iron_pickaxe":97,"minecraft:stone_axe":23,"minecraft:cobblestone":33,"minecraft:andesite":2,"minecraft:egg":1,"minecraft:cooked_beef":3},"minecraft:custom":{"minecraft:interact_with_furnace":31,"minecraft:mob_kills":14,"minecraft:interact_with_crafting_table":9,"minecraft:play_one_minute":56803,"minecraft:leave_game":3,"minecraft:time_since_death":5535,"minecraft:sleep_in_bed":1,"minecraft:time_since_rest":5616,"minecraft:sprint_one_cm":136015,"minecraft:damage_taken":3376,"minecraft:walk_one_cm":247175,"minecraft:damage_blocked_by_shield":150,"minecraft:drop":17,"minecraft:damage_dealt":4552,"minecraft:player_kills":5,"minecraft:talked_to_villager":1,"minecraft:swim_one_cm":3766,"minecraft:fly_one_cm":250480,"minecraft:open_chest":7,"minecraft:crouch_one_cm":11679,"minecraft:deaths":10,"minecraft:sneak_time":4116,"minecraft:walk_under_water_one_cm":241,"minecraft:jump":1131,"minecraft:walk_on_water_one_cm":5914,"minecraft:fall_one_cm":21302}},"DataVersion":2586}