{"stats":{"minecraft:crafted":{"minecraft:cooked_beef":1,"minecraft:oak_planks":60,"minecraft:diamond_sword":2,"minecraft:diamond_axe":1,"minecraft:crafting_table":2,"minecraft:iron_helmet":1,"minecraft:iron_sword":1,"minecraft:diamond_block":17,"minecraft:cooked_mutton":2,"minecraft:air":0,"minecraft:diamond":81,"minecraft:diamond_helmet":2,"minecraft:diamond_leggings":2,"minecraft:diamond_pickaxe":1,"minecraft:shield":2,"minecraft:stick":48,"minecraft:iron_ingot":12,"minecraft:iron_pickaxe":1,"minecraft:wooden_axe":1,"minecraft:diamond_boots":2,"minecraft:torch":12,"minecraft:diamond_chestplate":2},"minecraft:broken":{"minecraft:iron_pickaxe":1},"minecraft:dropped":{"minecraft:iron_ingot":7,"minecraft:wheat_seeds":18,"minecraft:cooked_beef":23,"minecraft:birch_sapling":1,"minecraft:rotten_flesh":2,"minecraft:iron_boots":1,"minecraft:diamond_ore":9,"minecraft:poppy":6,"minecraft:torch":5,"minecraft:iron_chestplate":4},"minecraft:mined":{"minecraft:diamond_ore":252,"minecraft:crafting_table":4,"minecraft:poppy":3,"minecraft:rose_bush":1,"minecraft:tall_grass":12,"minecraft:cobblestone":4,"minecraft:diorite":2,"minecraft:wall_torch":2,"minecraft:furnace":2,"minecraft:iron_ore":11,"minecraft:birch_leaves":12,"minecraft:andesite":3,"minecraft:diamond_block":4,"minecraft:tnt":1,"minecraft:grass":67,"minecraft:oak_log":11,"minecraft:coal_ore":83,"minecraft:rail":1,"minecraft:stone":45,"minecraft:oak_leaves":10},"minecraft:picked_up":{"minecraft:wooden_axe":10,"minecraft:iron_chestplate":4,"minecraft:crafting_table":11,"minecraft:lilac":1,"minecraft:cooked_beef":122,"minecraft:andesite":5,"minecraft:leather":12,"minecraft:diamond_sword":1,"minecraft:wooden_pickaxe":3,"minecraft:birch_planks":30,"minecraft:oak_log":15,"minecraft:shield":2,"minecraft:dirt":1,"minecraft:string":5,"minecraft:apple":14,"minecraft:diamond_leggings":1,"minecraft:wheat_seeds":39,"minecraft:beef":26,"minecraft:iron_ingot":10,"minecraft:iron_ore":12,"minecraft:rose_bush":2,"minecraft:poppy":26,"minecraft:iron_pickaxe":3,"minecraft:diamond_helmet":1,"minecraft:birch_sapling":3,"minecraft:iron_sword":1,"minecraft:oak_planks":29,"minecraft:iron_boots":1,"minecraft:egg":1,"minecraft:furnace":1,"minecraft:diamond_ore":368,"minecraft:stick":57,"minecraft:torch":5,"minecraft:dandelion":1,"minecraft:porkchop":2,"minecraft:trident":1,"minecraft:diorite":3,"minecraft:white_bed":1,"minecraft:diamond_block":13,"minecraft:spider_eye":1,"minecraft:arrow":5,"minecraft:rotten_flesh":21,"minecraft:diamond":206,"minecraft:stone_axe":2,"minecraft:diamond_boots":1,"minecraft:iron_helmet":1,"minecraft:oak_sapling":6,"minecraft:mutton":28,"minecraft:coal":108,"minecraft:rail":4,"minecraft:white_wool":20,"minecraft:cobblestone":70},"minecraft:killed":{"minecraft:spider":2,"minecraft:iron_golem":1,"minecraft:sheep":1,"minecraft:skeleton":5,"minecraft:zombie":15,"minecraft:enderman":1,"minecraft:cow":2},"minecraft:killed_by":{"minecraft:player":8,"minecraft:spider":1,"minecraft:zombie":1,"minecraft:wither":1},"minecraft:used":{"minecraft:cooked_mutton":2,"minecraft:trident":34,"minecraft:diorite":2,"minecraft:rose_bush":1,"minecraft:oak_planks":11,"minecraft:shield":13,"minecraft:wooden_pickaxe":14,"minecraft:iron_sword":21,"minecraft:diamond_axe":2,"minecraft:torch":6,"minecraft:diamond_block":6,"minecraft:mutton":6,"minecraft:crafting_table":3,"minecraft:white_bed":1,"minecraft:wooden_axe":23,"minecraft:diamond_pickaxe":191,"minecraft:apple":5,"minecraft:iron_pickaxe":217,"minecraft:stone_axe":23,"minecraft:diamond_sword":51,"minecraft:cobblestone":45,"minecraft:andesite":2,"minecraft:egg":1,"minecraft:cooked_beef":25},"minecraft:custom":{"minecraft:interact_with_furnace":31,"minecraft:mob_kills":26,"minecraft:interact_with_crafting_table":15,"minecraft:play_one_minute":110803,"minecraft:leave_game":3,"minecraft:time_since_death":1351,"minecraft:sleep_in_bed":1,"minecraft:climb_one_cm":272,"minecraft:time_since_rest":1408,"minecraft:sprint_one_cm":247553,"minecraft:damage_taken":6575,"minecraft:walk_one_cm":455605,"minecraft:damage_blocked_by_shield":150,"minecraft:drop":57,"minecraft:damage_dealt":7136,"minecraft:player_kills":5,"minecraft:talked_to_villager":1,"minecraft:swim_one_cm":20306,"minecraft:fly_one_cm":752457,"minecraft:open_chest":9,"minecraft:crouch_one_cm":17047,"minecraft:deaths":14,"minecraft:sneak_time":6784,"minecraft:walk_under_water_one_cm":37594,"minecraft:jump":2016,"minecraft:walk_on_water_one_cm":170952,"minecraft:fall_one_cm":51980}},"DataVersion":2586}