{"stats":{"minecraft:crafted":{"minecraft:oak_planks":32,"minecraft:wheat":81},"minecraft:picked_up":{"minecraft:crafting_table":1,"minecraft:apple":1,"minecraft:hay_block":11,"minecraft:oak_log":12,"minecraft:poppy":1,"minecraft:yellow_bed":1,"minecraft:oak_sapling":1,"minecraft:coal":1,"minecraft:rail":1,"minecraft:cobblestone":2},"minecraft:mined":{"minecraft:grass":1,"minecraft:hay_block":11,"minecraft:poppy":1,"minecraft:oak_log":12,"minecraft:crafting_table":1,"minecraft:oak_leaves":3,"minecraft:yellow_bed":1},"minecraft:killed_by":{"minecraft:zombie":1},"minecraft:used":{"minecraft:rail":2,"minecraft:oak_sapling":1,"minecraft:oak_planks":2,"minecraft:tnt_minecart":1},"minecraft:custom":{"minecraft:open_chest":2,"minecraft:time_since_rest":2378,"minecraft:play_one_minute":11714,"minecraft:walk_one_cm":23456,"minecraft:sprint_one_cm":18399,"minecraft:damage_taken":545,"minecraft:deaths":2,"minecraft:sneak_time":150,"minecraft:jump":94,"minecraft:damage_dealt":55,"minecraft:time_since_death":2338,"minecraft:fall_one_cm":3529,"minecraft:fly_one_cm":79993}},"DataVersion":2586}