{"stats":{"minecraft:crafted":{"minecraft:oak_planks":32,"minecraft:crafting_table":1,"minecraft:stick":4,"minecraft:wooden_pickaxe":1,"minecraft:birch_planks":20,"minecraft:bread":33,"minecraft:wheat":144},"minecraft:dropped":{"minecraft:string":2},"minecraft:mined":{"minecraft:hay_block":16,"minecraft:birch_log":5,"minecraft:birch_leaves":2,"minecraft:yellow_bed":1,"minecraft:crafting_table":2,"minecraft:grass":2,"minecraft:oak_log":13,"minecraft:poppy":1,"minecraft:oak_leaves":3},"minecraft:picked_up":{"minecraft:birch_log":5,"minecraft:stick":2,"minecraft:crafting_table":2,"minecraft:andesite":9,"minecraft:wooden_pickaxe":1,"minecraft:wither_rose":1,"minecraft:oak_log":13,"minecraft:yellow_bed":1,"minecraft:cornflower":1,"minecraft:string":2,"minecraft:rotten_flesh":2,"minecraft:apple":1,"minecraft:hay_block":16,"minecraft:iron_ore":2,"minecraft:poppy":1,"minecraft:oak_sapling":1,"minecraft:coal":1,"minecraft:cobblestone":68,"minecraft:rail":1,"minecraft:egg":1},"minecraft:killed":{"minecraft:zombie":1},"minecraft:killed_by":{"minecraft:wither":2,"minecraft:player":1,"minecraft:creeper":1,"minecraft:zombie":1},"minecraft:used":{"minecraft:bread":1,"minecraft:oak_planks":2,"minecraft:tnt_minecart":1,"minecraft:wooden_pickaxe":2,"minecraft:rail":2,"minecraft:crafting_table":2,"minecraft:oak_sapling":1},"minecraft:custom":{"minecraft:time_since_rest":8444,"minecraft:sprint_one_cm":51374,"minecraft:damage_taken":1877,"minecraft:walk_one_cm":87689,"minecraft:mob_kills":1,"minecraft:drop":2,"minecraft:damage_dealt":305,"minecraft:swim_one_cm":1668,"minecraft:interact_with_crafting_table":2,"minecraft:fly_one_cm":191742,"minecraft:open_chest":2,"minecraft:play_one_minute":37087,"minecraft:deaths":7,"minecraft:sneak_time":150,"minecraft:walk_under_water_one_cm":1121,"minecraft:jump":355,"minecraft:leave_game":1,"minecraft:time_since_death":8376,"minecraft:walk_on_water_one_cm":4359,"minecraft:fall_one_cm":10207}},"DataVersion":2586}