{"stats":{"minecraft:crafted":{"minecraft:oak_planks":32,"minecraft:bread":33,"minecraft:wheat":144},"minecraft:picked_up":{"minecraft:crafting_table":2,"minecraft:andesite":9,"minecraft:wither_rose":1,"minecraft:oak_log":12,"minecraft:yellow_bed":1,"minecraft:cornflower":1,"minecraft:rotten_flesh":2,"minecraft:apple":1,"minecraft:hay_block":16,"minecraft:iron_ore":2,"minecraft:poppy":1,"minecraft:oak_sapling":1,"minecraft:coal":1,"minecraft:cobblestone":68,"minecraft:rail":1,"minecraft:egg":1},"minecraft:mined":{"minecraft:hay_block":16,"minecraft:yellow_bed":1,"minecraft:crafting_table":2,"minecraft:grass":1,"minecraft:oak_log":12,"minecraft:poppy":1,"minecraft:oak_leaves":3},"minecraft:killed":{"minecraft:zombie":1},"minecraft:killed_by":{"minecraft:wither":2,"minecraft:creeper":1,"minecraft:zombie":1},"minecraft:used":{"minecraft:bread":1,"minecraft:oak_planks":2,"minecraft:tnt_minecart":1,"minecraft:rail":2,"minecraft:crafting_table":1,"minecraft:oak_sapling":1},"minecraft:custom":{"minecraft:time_since_rest":59,"minecraft:sprint_one_cm":34641,"minecraft:damage_taken":1385,"minecraft:walk_one_cm":64337,"minecraft:mob_kills":1,"minecraft:damage_dealt":271,"minecraft:swim_one_cm":1388,"minecraft:interact_with_crafting_table":1,"minecraft:fly_one_cm":176850,"minecraft:open_chest":2,"minecraft:play_one_minute":23714,"minecraft:deaths":5,"minecraft:sneak_time":150,"minecraft:walk_under_water_one_cm":700,"minecraft:jump":242,"minecraft:time_since_death":14,"minecraft:walk_on_water_one_cm":2887,"minecraft:fall_one_cm":5973}},"DataVersion":2586}