{
  "minecraft:recipes/misc/charcoal": {
    "criteria": {
      "has_log": "2024-09-16 22:56:41 +0000"
    },
    "done": true
  },
  "minecraft:recipes/building_blocks/oak_planks": {
    "criteria": {
      "has_logs": "2024-09-16 22:56:41 +0000"
    },
    "done": true
  },
  "minecraft:husbandry/balanced_diet": {
    "criteria": {
      "apple": "2024-09-16 22:56:27 +0000",
      "bread": "2024-09-16 22:55:39 +0000"
    },
    "done": false
  },
  "minecraft:husbandry/root": {
    "criteria": {
      "consumed_item": "2024-09-16 22:55:39 +0000"
    },
    "done": true
  },
  "minecraft:recipes/building_blocks/oak_wood": {
    "criteria": {
      "has_log": "2024-09-16 22:56:41 +0000"
    },
    "done": true
  },
  "minecraft:adventure/adventuring_time": {
    "criteria": {
      "minecraft:forest": "2024-09-16 22:54:26 +0000",
      "minecraft:plains": "2024-09-16 22:55:16 +0000"
    },
    "done": false
  },
  "DataVersion": 2586
}